{
  "description":"Description of these Sites. Contains Locations, Zones, and Parking Spots.",
  "dir":"/levels/west_coast_usa/",
  "filename":"tuningShops.sites.json",
  "locations":{},
  "name":"tuningShops.sites.json",
  "parkingSpots":[
    {
      "color":[
        1,
        1,
        1
      ],
      "customFields":{
        "names":{},
        "tags":{},
        "types":{},
        "values":{}
      },
      "isMultiSpot":false,
      "name":"fastAutoTuningShopParking1",
      "oldId":5037,
      "pos":[
        300.06942749023,
        -118.15843963623,
        143.88786315918
      ],
      "rot":[
        0,
        0,
        0.95235526130938,
        -0.30499027939917
      ],
      "scl":[
        2.5,
        6,
        3
      ],
      "spotAmount":1,
      "spotDirection":"Left",
      "spotOffset":0,
      "spotRotation":0
    },
    {
      "color":[
        1,
        1,
        1
      ],
      "customFields":{
        "names":{},
        "tags":{},
        "types":{},
        "values":{}
      },
      "isMultiSpot":false,
      "name":"fastAutoTuningShopParking2",
      "oldId":5038,
      "pos":[
        292.85430908203,
        -118.05532073975,
        143.88787841797
      ],
      "rot":[
        0,
        0,
        0.96103706375056,
        0.2764191631081
      ],
      "scl":[
        2.5,
        6,
        3
      ],
      "spotAmount":1,
      "spotDirection":"Left",
      "spotOffset":0,
      "spotRotation":0
    }
  ],
  "zones":[
    {
      "bot":{
        "active":false,
        "normal":[
          0,
          0,
          -1
        ],
        "pos":[
          0,
          0,
          -10
        ]
      },
      "color":[
        1,
        1,
        1
      ],
      "customFields":{
        "names":{},
        "tags":{},
        "types":{},
        "values":{}
      },
      "name":"fastAutoTuningShopGarage1",
      "oldId":5036,
      "top":{
        "active":false,
        "normal":[
          0,
          0,
          1
        ],
        "pos":[
          0,
          0,
          10
        ]
      },
      "vertices":[
        [
          287.18157958985,
          -133.77792358399,
          143.88786315918
        ],
        [
          318.56552124024,
          -133.61863708496,
          143.90045166016
        ],
        [
          318.69897460937,
          -112.2426071167,
          143.85911560059
        ],
        [
          287.13482666016,
          -111.69458770752,
          140.00410461426
        ]
      ]
    }
  ]
}