{
  "description":"Description of these Sites. Contains Locations, Zones, and Parking Spots.",
  "dir":"/levels/west_coast_usa/",
  "locations":{},
  "name":"tuningShops.sites.json",
  "parkingSpots":[
    {
      "color":[
        1,
        1,
        1
      ],
      "customFields":{
        "names":{},
        "tags":{},
        "types":{},
        "values":{}
      },
      "isMultiSpot":false,
      "name":"fastAutoTuningShopParking1",
      "oldId":7278,
      "pos":[
        285.59182739258,
        -184.45071411133,
        143.88786315918
      ],
      "rot":[
        0,
        0,
        -0.00019928387825208,
        0.99999984851954
      ],
      "scl":[
        2.5,
        6,
        3
      ],
      "spotAmount":1,
      "spotDirection":"Left",
      "spotOffset":0,
      "spotRotation":0
    },
    {
      "color":[
        1,
        1,
        1
      ],
      "customFields":{
        "names":{},
        "tags":{},
        "types":{},
        "values":{}
      },
      "isMultiSpot":false,
      "name":"fastAutoTuningShopParking2",
      "oldId":7279,
      "pos":[
        289.98602294922,
        -184.44300842285,
        143.88787841797
      ],
      "rot":[
        0,
        0,
        0,
        1
      ],
      "scl":[
        2.5,
        6,
        3
      ],
      "spotAmount":1,
      "spotDirection":"Left",
      "spotOffset":0,
      "spotRotation":0
    }
  ],
  "zones":[
    {
      "bot":{
        "active":false,
        "normal":[
          0,
          0,
          -1
        ],
        "pos":[
          0,
          0,
          -10
        ]
      },
      "color":[
        1,
        1,
        1
      ],
      "customFields":{
        "names":{},
        "tags":{},
        "types":{},
        "values":{}
      },
      "name":"fastAutoTuningShopGarage1",
      "oldId":7277,
      "top":{
        "active":false,
        "normal":[
          0,
          0,
          1
        ],
        "pos":[
          0,
          0,
          10
        ]
      },
      "vertices":[
        [
          283.13088989258,
          -189.33258056641,
          143.88786315918
        ],
        [
          310.17971801758,
          -189.33224487305,
          143.88786315918
        ],
        [
          309.88861083984,
          -179.60154724121,
          143.88786315918
        ],
        [
          282.79736328125,
          -179.40943908691,
          143.82595825195
        ]
      ]
    }
  ]
}